cluster,ll,opt,node,planning_horizon,0.0,0.02,0.05
39,vopt,,,2030,105618181338.51457,105618181338.51457,105618181338.51457
39,vopt,,,2040,65706495334.48834,53902211738.40233,40338088329.55645
39,vopt,,,2050,54956728315.63212,36984302717.82828,20712612915.27057
39,vopt,,,2060,49346356171.667984,27242686719.61209,11417633991.463783
39,vopt,,,2070,50778857969.536514,22997258068.455524,7212917526.711705
39,vopt,,,2080,42107611981.97672,15644151901.087679,3671940698.7352347
39,vopt,,,2090,42163600872.299355,12850717835.935015,2257250455.7366834
39,vopt,,,2100,42104746436.36412,10527349294.68725,1383821651.5843823
39,vopt,,AL0 0,2030,711523721.878185,711523721.878185,711523721.878185
39,vopt,,AL0 0,2040,1119996583.1405911,918787292.8453668,687580746.3103737
39,vopt,,AL0 0,2050,1068852458.5290133,719307063.9120947,402839250.36253494
39,vopt,,AL0 0,2060,1061487291.5449579,586016232.6841035,245604221.29828912
39,vopt,,AL0 0,2070,767335849.8209342,347519051.6119188,108996744.34127799
39,vopt,,AL0 0,2080,619725010.2106959,230245120.54468942,54042330.58836922
39,vopt,,AL0 0,2090,623851150.1944598,190138767.4893651,33398198.065513186
39,vopt,,AL0 0,2100,769474454.1759242,192389861.90527642,25289676.346562244
39,vopt,,AT0 0,2030,8373696441.910433,8373696441.910433,8373696441.910433
39,vopt,,AT0 0,2040,10237759410.099655,8398528526.606123,6285096188.4218025
39,vopt,,AT0 0,2050,10856329825.62779,7305998755.413499,4091636533.8795886
39,vopt,,AT0 0,2060,10751735064.098362,5935719934.91327,2487709027.7548056
39,vopt,,AT0 0,2070,11148115304.47514,5048874568.77663,1583541644.7863388
39,vopt,,AT0 0,2080,11176671494.036602,4152445089.408201,974647409.4259555
39,vopt,,AT0 0,2090,10663289369.508747,3249981501.9477825,570864781.2570741
39,vopt,,AT0 0,2100,10778013588.453571,2694801022.493327,354232000.5967641
39,vopt,,BA0 0,2030,1149590178.1491683,1149590178.1491683,1149590178.1491683
39,vopt,,BA0 0,2040,1386866817.1309383,1137713835.586633,851415919.9325714
39,vopt,,BA0 0,2050,1263388056.2742345,850223944.4636691,476157671.1971214
39,vopt,,BA0 0,2060,1232583113.6355796,680473255.2864218,285191936.0892937
39,vopt,,BA0 0,2070,1275590335.0101137,577702636.4290048,181192099.47215134
39,vopt,,BA0 0,2080,1243714783.4714673,462074719.47314674,108456564.40935913
39,vopt,,BA0 0,2090,1504232683.2677908,458463446.4881655,80529884.53533542
39,vopt,,BA0 0,2100,1498533070.1132445,374674648.20302236,49251038.98136658
39,vopt,,BE0 0,2030,7399057526.707865,7399057526.707865,7399057526.707865
39,vopt,,BE0 0,2040,9459385604.421047,7759990898.450323,5807242192.906746
39,vopt,,BE0 0,2050,8783289997.883423,5910902378.950274,3310329625.22588
39,vopt,,BE0 0,2060,7919799678.507405,4372290849.056401,1832463043.4785268
39,vopt,,BE0 0,2070,9641617049.847885,4366595948.762659,1369550072.323633
39,vopt,,BE0 0,2080,10422339901.393097,3872189870.371902,908866883.1744304
39,vopt,,BE0 0,2090,12165265809.46138,3707757285.484671,651273876.624833
39,vopt,,BE0 0,2100,12210881617.455772,3053057597.136146,401324881.3339295
39,vopt,,BG0 0,2030,2925422081.8886843,2925422081.8886843,2925422081.8886843
39,vopt,,BG0 0,2040,3466177665.455419,2843472954.9215875,2127932407.9500494
39,vopt,,BG0 0,2050,3342577122.2509828,2249458581.977738,1259782163.0682948
39,vopt,,BG0 0,2060,2465662068.407342,1361220250.0296888,570498598.6356161
39,vopt,,BG0 0,2070,2198396064.1632924,995632506.2405024,312272668.9003198
39,vopt,,BG0 0,2080,2356388882.6164746,875464171.0260161,205485892.76043975
39,vopt,,BG0 0,2090,3362999972.397335,1024982753.6890494,180039964.88173667
39,vopt,,BG0 0,2100,3365978288.5992475,841587520.6842309,110626806.44725928
39,vopt,,CH0 0,2030,8722124535.495472,8722124535.495472,8722124535.495472
39,vopt,,CH0 0,2040,10915045275.19094,8954138834.563232,6700890957.437161
39,vopt,,CH0 0,2050,10156541701.36773,6835061408.537019,3827893749.6065474
39,vopt,,CH0 0,2060,9706869801.932398,5358880240.765078,2245950769.2057104
39,vopt,,CH0 0,2070,8984611453.126534,4069044411.284503,1276225264.0622475
39,vopt,,CH0 0,2080,8784789024.132431,3263794061.068099,766066343.5704092
39,vopt,,CH0 0,2090,8712280328.965546,2655348544.68889,466416490.43744874
39,vopt,,CH0 0,2100,9539462966.870537,2385129165.6098557,313525588.3322873
39,vopt,,CZ0 0,2030,3285715283.940514,3285715283.940514,3285715283.940514
39,vopt,,CZ0 0,2040,7520714069.14331,6169605000.468874,4617066043.137531
39,vopt,,CZ0 0,2050,10505407498.07682,7069838088.824141,3959377599.320314
39,vopt,,CZ0 0,2060,10475221103.599617,5783064626.925371,2423729933.056879
39,vopt,,CZ0 0,2070,9659428704.999847,4374662676.659568,1372080141.0325906
39,vopt,,CZ0 0,2080,9174699410.883617,3408656641.277072,800067982.4803549
39,vopt,,CZ0 0,2090,8434066228.524482,2570553820.5955915,451522152.8566767
39,vopt,,CZ0 0,2100,8961323157.575823,2240578248.463069,294524348.4850399
39,vopt,,DE0 0,2030,48668236400.8459,48668236400.8459,48668236400.8459
39,vopt,,DE0 0,2040,63730402743.19816,52281127540.74153,39124938897.5397
39,vopt,,DE0 0,2050,65174591466.66005,43860631704.09124,24563618074.32857
39,vopt,,DE0 0,2060,69887094916.76942,38582630618.924355,16170297715.811882
39,vopt,,DE0 0,2070,76382194777.8621,34592763905.705536,10849760972.814127
39,vopt,,DE0 0,2080,77679211155.87679,28859992806.035942,6773916721.06697
39,vopt,,DE0 0,2090,76784754970.30638,23402631649.354313,4110712073.0815716
39,vopt,,DE0 0,2100,77097347847.59178,19276465937.451443,2533894353.038717
39,vopt,,DK0 0,2030,6977203468.173887,6977203468.173887,6977203468.173887
39,vopt,,DK0 0,2040,27657729585.003174,22688971443.464134,16979446755.07981
39,vopt,,DK0 0,2050,28200534408.023876,18978151234.92747,10628484829.782373
39,vopt,,DK0 0,2060,27711083109.697113,15298482286.966698,6411719709.412153
39,vopt,,DK0 0,2070,26293559809.93553,11908101219.019539,3734886643.3054514
39,vopt,,DK0 0,2080,26346515334.35351,9788465043.597876,2297514329.890599
39,vopt,,DK0 0,2090,25967939397.348164,7914567424.7955475,1390207236.2542534
39,vopt,,DK0 0,2100,14627126766.988361,3657185607.007138,480737599.2922822
39,vopt,,DK1 0,2030,2291454407.024103,2291454407.024103,2291454407.024103
39,vopt,,DK1 0,2040,5674923248.295072,4655413638.660855,3483910594.954921
39,vopt,,DK1 0,2050,5610443245.095083,3775667469.978734,2114517053.332204
39,vopt,,DK1 0,2060,5476653109.4652,3023500750.7770505,1267174023.6412287
39,vopt,,DK1 0,2070,5475916387.03513,2479990046.0439777,777830279.4156762
39,vopt,,DK1 0,2080,5113538757.042792,1899822224.5782437,445919637.6318455
39,vopt,,DK1 0,2090,4992858578.635517,1521734753.7061431,267295298.99942872
39,vopt,,DK1 0,2100,3970308328.4294596,992686718.685108,130488818.79980572
39,vopt,,EE0 0,2030,1052580041.6423306,1052580041.6423306,1052580041.6423306
39,vopt,,EE0 0,2040,1405608173.5600152,1153088275.4705806,862921487.033713
39,vopt,,EE0 0,2050,1408414023.24114,947822262.7886724,530816432.8904352
39,vopt,,EE0 0,2060,1376653494.6017966,760010318.5821158,318526573.26413447
39,vopt,,EE0 0,2070,1438868750.2917516,651649865.7166932,204385093.3757397
39,vopt,,EE0 0,2080,1426555996.9775858,530005328.29259855,124400999.67124541
39,vopt,,EE0 0,2090,1415718803.5332246,431485985.6095789,75791247.62491122
39,vopt,,EE0 0,2100,1887495996.9876115,471926120.79125035,62034759.71189955
39,vopt,,ES0 0,2030,20108773184.504356,20108773184.504356,20108773184.504356
39,vopt,,ES0 0,2040,59830557191.11598,49081895872.31523,36730772026.35448
39,vopt,,ES0 0,2050,70784159420.11163,47635710127.88579,26677805239.445892
39,vopt,,ES0 0,2060,78744725490.10391,43472670603.80077,18219753679.006138
39,vopt,,ES0 0,2070,84373616549.07907,38212002229.59232,11984907930.855934
39,vopt,,ES0 0,2080,93715123211.18143,34817781249.91749,8172308017.690861
39,vopt,,ES0 0,2090,91196564977.79764,27795095767.215004,4882255869.967582
39,vopt,,ES0 0,2100,92590465473.08446,23150173172.661697,3043093752.9948177
39,vopt,,ES2 0,2030,4246230605.9338474,4246230605.9338474,4246230605.9338474
39,vopt,,ES2 0,2040,3344828393.6725955,2743924286.12346,2053434481.6950543
39,vopt,,ES2 0,2050,3165777671.4955306,2130477619.9100692,1193148309.5008419
39,vopt,,ES2 0,2060,2753187429.6455207,1519954631.8127205,637025483.1427597
39,vopt,,ES2 0,2070,2436341518.201344,1103395721.711235,346071793.26940423
39,vopt,,ES2 0,2080,1991956357.0027506,740067326.6065695,173706018.2969655
39,vopt,,ES2 0,2090,1701299499.9240983,518525917.5125489,91079959.77808517
39,vopt,,ES2 0,2100,1505579178.1220713,376436369.77731377,49482617.547853224
39,vopt,,EU oil,2030,234322466795.0073,234322466795.0073,234322466795.0073
39,vopt,,EU oil,2040,80683793800.3008,66188813071.554344,49532850359.95439
39,vopt,,EU oil,2050,11437144878.767645,7696870636.014254,4310539618.902323
39,vopt,,EU oil,2060,7211387639.866978,3981197185.120109,1668552473.3808095
39,vopt,,EU oil,2070,8120224043.648242,3677571638.5249887,1153442764.7111342
39,vopt,,EU oil,2080,792391392.4951699,294395495.8693644,69099482.64641316
39,vopt,,EU oil,2090,734199947.7934194,223771124.12260917,39305778.73976936
39,vopt,,EU oil,2100,863959641.2413088,216013767.79708597,28395042.336895246
39,vopt,,FI1 0,2030,5550991131.072582,5550991131.072582,5550991131.072582
39,vopt,,FI1 0,2040,14754863858.161716,12104127480.932337,9058206476.715017
39,vopt,,FI1 0,2050,13966221116.791348,9398866443.448977,5263721854.3974695
39,vopt,,FI1 0,2060,12866240320.240139,7103076731.424156,2976957859.090291
39,vopt,,FI1 0,2070,10682004518.24567,4837777461.278849,1517332620.128855
39,vopt,,FI1 0,2080,10533083468.499088,3913334193.317976,918524134.9642887
39,vopt,,FI1 0,2090,10473931808.353178,3192268675.2876263,560727425.0452518
39,vopt,,FI1 0,2100,7859467316.48943,1965083861.4100752,258310569.78138316
39,vopt,,FR0 0,2030,45631723430.92567,45631723430.92567,45631723430.92567
39,vopt,,FR0 0,2040,70001408790.66856,57425536690.290695,42974792623.116035
39,vopt,,FR0 0,2050,72140480435.26062,48548475289.573074,27188988365.455177
39,vopt,,FR0 0,2060,61603911992.81979,34009726458.516262,14253755984.118649
39,vopt,,FR0 0,2070,48148139140.04074,21805830725.529564,6839235275.635791
39,vopt,,FR0 0,2080,50665767014.683784,18823745115.30353,4418243713.594725
39,vopt,,FR0 0,2090,49939942286.82834,15220808797.014688,2673560966.1950455
39,vopt,,FR0 0,2100,53777119134.65722,13445764791.581846,1767447808.5468235
39,vopt,,FR6 0,2030,2172663167.056446,2172663167.056446,2172663167.056446
39,vopt,,FR6 0,2040,2062659026.7239513,1692098825.7951357,1266293714.0413167
39,vopt,,FR6 0,2050,1471904837.1315892,990549760.4526438,554745452.9047925
39,vopt,,FR6 0,2060,1149655092.9810977,634691109.2023575,266004262.24817944
39,vopt,,FR6 0,2070,924575560.768721,418731409.5866685,131331966.3675548
39,vopt,,FR6 0,2080,922203558.5124893,342624334.9840926,80419587.32948081
39,vopt,,FR6 0,2090,911578972.8854703,277833105.4124647,48801857.74971484
39,vopt,,FR6 0,2100,885738869.3870924,221459176.2477905,29110842.09853214
39,vopt,,GB3 0,2030,38278101152.84192,38278101152.84192,38278101152.84192
39,vopt,,GB3 0,2040,134851497324.023,110625196565.3813,82787121467.03394
39,vopt,,GB3 0,2050,133912616599.40211,90119352112.88782,50470256820.31903
39,vopt,,GB3 0,2060,130913459088.18854,72273509738.25154,30290422158.53809
39,vopt,,GB3 0,2070,107693920764.4887,48773544487.9552,15297456454.583836
39,vopt,,GB3 0,2080,98359620946.70609,36543341657.140434,8577325530.143393
39,vopt,,GB3 0,2090,95269798265.81975,29036545040.55491,5100318547.383499
39,vopt,,GB3 0,2100,81748589563.9402,20439404806.493797,2686762842.6652575
39,vopt,,GB4 0,2030,5679354783.746797,5679354783.746797,5679354783.746797
39,vopt,,GB4 0,2040,14451612082.229214,11855355402.111986,8872036192.310282
39,vopt,,GB4 0,2050,13323849263.046707,8966568600.683352,5021618658.627481
39,vopt,,GB4 0,2060,11566589641.081713,6385577425.617818,2676248000.8027616
39,vopt,,GB4 0,2070,10088747316.417261,4569096960.831149,1433062996.115585
39,vopt,,GB4 0,2080,10129228055.437971,3763290647.01787,883306437.7873892
39,vopt,,GB4 0,2090,10168628957.968628,3099217780.5910087,544382877.0486175
39,vopt,,GB4 0,2100,7593494438.004896,1898583297.1814811,249569060.5898388
39,vopt,,GR0 0,2030,5969987952.43448,5969987952.43448,5969987952.43448
39,vopt,,GR0 0,2040,12542019822.34867,10288824638.264227,7699712195.110765
39,vopt,,GR0 0,2050,12040585668.715008,8102968988.87691,4537970106.170059
39,vopt,,GR0 0,2060,11833262631.194372,6532799820.336245,2737950116.8804574
39,vopt,,GR0 0,2070,11769891586.350292,5330471087.227401,1671862280.9834247
39,vopt,,GR0 0,2080,13077727943.919369,4858740566.036946,1140426617.0406153
39,vopt,,GR0 0,2090,12761549646.353182,3889494024.745465,683196244.1344047
39,vopt,,GR0 0,2100,18217605979.471935,4554904558.058306,598742890.7220212
39,vopt,,HR0 0,2030,1709303213.7475338,1709303213.7475338,1709303213.7475338
39,vopt,,HR0 0,2040,1987356320.0035787,1630324378.3610806,1220064384.358187
39,vopt,,HR0 0,2050,2935043895.1080427,1975200402.821525,1106187175.836827
39,vopt,,HR0 0,2060,2749300713.5919623,1517808889.02582,636126184.6986376
39,vopt,,HR0 0,2070,2721090367.9041657,1232355746.4766643,386519137.90966076
39,vopt,,HR0 0,2080,2763533505.920287,1026729750.6414611,240990421.3292981
39,vopt,,HR0 0,2090,2425554909.020947,739266122.5923274,129853352.43031634
39,vopt,,HR0 0,2100,2509810400.6958523,627521906.384049,82487849.18117918
39,vopt,,HU0 0,2030,3413243331.688111,3413243331.688111,3413243331.688111
39,vopt,,HU0 0,2040,6883887825.21583,5647185673.947085,4226109971.787871
39,vopt,,HU0 0,2050,7058463436.625227,4750143548.64016,2660260634.5076632
39,vopt,,HU0 0,2060,6848293165.195737,3780743295.7046633,1584540600.2103388
39,vopt,,HU0 0,2070,5722609530.496513,2591715006.2095547,812871975.2974488
39,vopt,,HU0 0,2080,5687152218.702236,2112935619.148092,495940869.33007765
39,vopt,,HU0 0,2090,5737555037.445641,1748705028.246336,307163013.9539882
39,vopt,,HU0 0,2100,5209545860.575686,1302530322.1778097,171217807.18195334
39,vopt,,IE4 0,2030,3463710347.9217076,3463710347.9217076,3463710347.9217076
39,vopt,,IE4 0,2040,11702364442.243195,9600014774.713673,7184236628.857211
39,vopt,,IE4 0,2050,11156712313.147972,7508147558.48227,4204847534.2651753
39,vopt,,IE4 0,2060,10233638795.628963,5649694067.402194,2367833234.9982357
39,vopt,,IE4 0,2070,6695727303.940459,3032430718.648716,951099153.384821
39,vopt,,IE4 0,2080,6424803124.113275,2386993497.7844906,560266777.486471
39,vopt,,IE4 0,2090,6414311643.116705,1954968440.3639102,343393533.2874882
39,vopt,,IE4 0,2100,6350402618.996102,1587776015.5403907,208713396.56982934
39,vopt,,IT0 0,2030,29400683039.253036,29400683039.253036,29400683039.253036
39,vopt,,IT0 0,2040,44182314224.49242,36244886358.612236,27124108274.518303
39,vopt,,IT0 0,2050,43754033734.23194,29445210410.980988,16490435147.702492
39,vopt,,IT0 0,2060,41430771892.07787,22872723069.583366,9586146296.231808
39,vopt,,IT0 0,2070,40171211278.13679,18193156554.249207,5706147114.831549
39,vopt,,IT0 0,2080,41314727439.98781,15349573186.431332,3602798211.615012
39,vopt,,IT0 0,2090,41614899516.214745,12683483393.018381,2227875441.258282
39,vopt,,IT0 0,2100,44266568996.61004,11067864631.580208,1454872474.0913713
39,vopt,,IT5 0,2030,2873713373.335535,2873713373.335535,2873713373.335535
39,vopt,,IT5 0,2040,3564217702.6924477,2923899932.7886806,2188120486.187491
39,vopt,,IT5 0,2050,3280513870.066245,2207691792.4179535,1236391176.0469723
39,vopt,,IT5 0,2060,3033854557.935309,1674902782.8351028,701965527.2080172
39,vopt,,IT5 0,2070,2779255495.948471,1258698175.4659522,394781243.2087971
39,vopt,,IT5 0,2080,3370031640.1283994,1252060717.9577546,293879319.0340405
39,vopt,,IT5 0,2090,2944923341.5333047,897560410.5807382,157658013.48226112
39,vopt,,IT5 0,2100,3146552659.683173,786725054.2091706,103415126.95963892
39,vopt,,LT0 0,2030,1656677228.12534,1656677228.12534,1656677228.12534
39,vopt,,LT0 0,2040,2169453237.236018,1779707274.8252192,1331856095.2760963
39,vopt,,LT0 0,2050,1960803365.6359007,1319564454.934758,739006166.4901533
39,vopt,,LT0 0,2060,1956255532.187355,1079991730.7265432,452633413.9564176
39,vopt,,LT0 0,2070,1841439353.6180415,833970233.3985075,261568509.39925697
39,vopt,,LT0 0,2080,1816491122.9568744,674877099.8145936,158404795.9340841
39,vopt,,LT0 0,2090,1923632344.3486204,586289025.7445465,102982665.05039977
39,vopt,,LT0 0,2100,2268477251.397958,567181954.8565977,74556153.45779528
39,vopt,,LU0 0,2030,751862517.8582633,751862517.8582633,751862517.8582633
39,vopt,,LU0 0,2040,1082738828.6537807,888222957.294946,664707717.033753
39,vopt,,LU0 0,2050,1027275138.5484122,691326719.4576894,387169195.7358009
39,vopt,,LU0 0,2060,1187248017.2811694,655445068.3400526,274702417.1602428
39,vopt,,LU0 0,2070,1369357544.138331,620168906.7018439,194511326.67016178
39,vopt,,LU0 0,2080,1363950184.726836,506745523.45823926,118941539.5128469
39,vopt,,LU0 0,2090,1375578950.0828507,419252070.099639,73642339.54733793
39,vopt,,LU0 0,2100,1426117420.3728802,356568736.0733595,46871014.102800414
39,vopt,,LV0 0,2030,1506879279.0375683,1506879279.0375683,1506879279.0375683
39,vopt,,LV0 0,2040,2741768124.3504767,2249204819.4628067,1683207789.674346
39,vopt,,LV0 0,2050,2658190706.178025,1788886143.1920738,1001844120.6292515
39,vopt,,LV0 0,2060,2530828444.8349967,1397196709.3957038,585576628.551594
39,vopt,,LV0 0,2070,2151643094.989143,974458534.6200793,305631611.4944139
39,vopt,,LV0 0,2080,2133976529.6227007,792831780.5593652,186090706.65468597
39,vopt,,LV0 0,2090,2243767105.3782554,683860423.7834914,120121247.15158002
39,vopt,,LV0 0,2100,1585231438.3306375,396351634.3566699,52100482.07865706
39,vopt,,ME0 0,2030,265586082.5801655,265586082.5801655,265586082.5801655
39,vopt,,ME0 0,2040,320969674.44235414,263306926.74026725,197047537.12482387
39,vopt,,ME0 0,2050,291349451.4540087,196069828.7453055,109806544.09383367
39,vopt,,ME0 0,2060,288787971.507184,159431432.15667647,66819024.04983281
39,vopt,,ME0 0,2070,257305952.09728158,116531399.47497031,36549199.52558092
39,vopt,,ME0 0,2080,218295263.14811718,81102776.79576772,19036160.52693236
39,vopt,,ME0 0,2090,217685615.9011396,66346715.38988787,11653913.459345661
39,vopt,,ME0 0,2100,215901479.6191451,53981331.83454009,7095854.206309689
39,vopt,,MK0 0,2030,485662246.2729305,485662246.2729305,485662246.2729305
39,vopt,,MK0 0,2040,638752451.6806015,523999487.7772686,392138595.8183746
39,vopt,,MK0 0,2050,585141913.4555846,393783733.5556044,220533833.16959324
39,vopt,,MK0 0,2060,534146304.481286,294886625.1603181,123589409.13983497
39,vopt,,MK0 0,2070,433228418.0453108,196204998.11858383,61538226.23311609
39,vopt,,MK0 0,2080,660759581.2735599,245490607.82566363,57620698.11976396
39,vopt,,MK0 0,2090,657599599.6133493,200424696.3927335,35204938.980785504
39,vopt,,MK0 0,2100,685971550.131115,171511830.03471163,22545255.910210162
39,vopt,,NL0 0,2030,19174665286.747128,19174665286.747128,19174665286.747128
39,vopt,,NL0 0,2040,31355437779.697903,25722380074.416386,19249518823.529175
39,vopt,,NL0 0,2050,30729257313.909298,20679909259.962063,11581533898.110641
39,vopt,,NL0 0,2060,27780952166.12934,15337054959.063427,6427885833.429435
39,vopt,,NL0 0,2070,23677488153.23642,10723307440.26275,3363284959.8832083
39,vopt,,NL0 0,2080,22902699828.67533,8508991562.33727,1997200782.7901886
39,vopt,,NL0 0,2090,23103524708.488968,7041544623.84639,1236859295.6590252
39,vopt,,NL0 0,2100,20101001246.477356,5025805383.115951,660642875.1551945
39,vopt,,NO1 0,2030,11390172266.189335,11390172266.189335,11390172266.189335
39,vopt,,NO1 0,2040,14857790302.470255,12188563014.533041,9121394385.015854
39,vopt,,NO1 0,2050,13729526961.534899,9239578062.247158,5174514316.623804
39,vopt,,NO1 0,2060,12463025660.06891,6880473655.533693,2883663079.7592335
39,vopt,,NO1 0,2070,11841692078.802948,5362988842.064788,1682061230.923358
39,vopt,,NO1 0,2080,11838365569.67613,4398282887.946513,1032349598.9372666
39,vopt,,NO1 0,2090,10356501317.671917,3156477944.186391,554440722.2228228
39,vopt,,NO1 0,2100,8901527278.679304,2225627627.5282564,292559087.10963696
39,vopt,,PL0 0,2030,17497838334.153618,17497838334.153618,17497838334.153618
39,vopt,,PL0 0,2040,28057203990.282166,23016679592.678394,17224689386.930893
39,vopt,,PL0 0,2050,28781375647.088825,19369040737.905148,10847397784.004875
39,vopt,,PL0 0,2060,28073889069.139187,15498776895.523094,6495664826.665001
39,vopt,,PL0 0,2070,25997298361.88046,11773927248.806498,3692803983.7772
39,vopt,,PL0 0,2080,25742437881.602283,9564033426.936562,2244836524.6307096
39,vopt,,PL0 0,2090,25245721082.640953,7694448089.960834,1351542900.5170925
39,vopt,,PL0 0,2100,27150068467.180515,6788266842.092511,892318699.5952176
39,vopt,,PT0 0,2030,5931126142.872432,5931126142.872432,5931126142.872432
39,vopt,,PT0 0,2040,5618066593.107601,4608771378.241225,3449005540.7833357
39,vopt,,PT0 0,2050,5610609530.456629,3775779375.2601695,2114579724.5361264
39,vopt,,PT0 0,2060,4085132671.0614085,2255282825.3137527,945207574.8508785
39,vopt,,PT0 0,2070,3462599204.177155,1568177991.1998596,491847266.4897424
39,vopt,,PT0 0,2080,3445602356.1620097,1280137346.03654,300469367.12214273
39,vopt,,PT0 0,2090,3450378812.482481,1051614274.6107647,184717836.8500561
39,vopt,,PT0 0,2100,11901281085.836172,2975648914.884458,391149498.3840581
39,vopt,,RO0 0,2030,6671370150.611271,6671370150.611271,6671370150.611271
39,vopt,,RO0 0,2040,9950297497.17617,8162709635.060483,6108619510.189896
39,vopt,,RO0 0,2050,9215343530.82816,6201662020.990139,3473166057.8308744
39,vopt,,RO0 0,2060,8704074682.170422,4805266247.533366,2013926592.870639
39,vopt,,RO0 0,2070,8022935441.709892,3633510563.2003384,1139623338.868761
39,vopt,,RO0 0,2080,7682010827.603893,2854081213.256061,669899974.8092405
39,vopt,,RO0 0,2090,7607957329.400191,2318770477.978483,407295980.2704181
39,vopt,,RO0 0,2100,7601666727.82913,1900626595.308146,249837652.43657726
39,vopt,,RS0 0,2030,2051355500.7745416,2051355500.7745416,2051355500.7745416
39,vopt,,RS0 0,2040,2836037925.2234206,2326538890.3384953,1741081269.8388944
39,vopt,,RS0 0,2050,3324883153.8105073,2237551048.4483795,1253113492.452793
39,vopt,,RS0 0,2060,3233303915.919165,1785012967.203723,748113610.7943708
39,vopt,,RS0 0,2070,4091928439.180763,1853195169.7288506,581240767.0673417
39,vopt,,RS0 0,2080,3980068857.74104,1478706553.4360034,347076838.0017239
39,vopt,,RS0 0,2090,3853255982.184851,1174404091.4972684,206286077.1355777
39,vopt,,RS0 0,2100,3838971421.8935466,959848865.2977965,126172278.02236159
39,vopt,,SE1 0,2030,11845352274.557089,11845352274.557089,11845352274.557089
39,vopt,,SE1 0,2040,26630350449.118145,21846162716.013645,16348725087.148737
39,vopt,,SE1 0,2050,25197669301.283157,16957309100.900501,9496736552.565487
39,vopt,,SE1 0,2060,22614347047.554173,12484722678.243471,5232449922.881216
39,vopt,,SE1 0,2070,13401237752.37371,6069292129.66859,1903587960.204163
39,vopt,,SE1 0,2080,12756524483.77757,4739404524.758612,1112416478.199826
39,vopt,,SE1 0,2090,12266325172.035286,3738558387.056855,656684142.5297139
39,vopt,,SE1 0,2100,9552089381.217466,2388286117.8639317,313940570.18193614
39,vopt,,SI0 0,2030,1028030964.7224747,1028030964.7224747,1028030964.7224747
39,vopt,,SI0 0,2040,1296604796.214158,1063667540.1842566,796002869.0003867
39,vopt,,SI0 0,2050,1199866144.5821311,807475518.870662,452216930.7483801
39,vopt,,SI0 0,2060,2247229129.9047904,1240629783.488091,519958142.62249374
39,vopt,,SI0 0,2070,2221772893.124054,1006219648.0142559,315593246.5200681
39,vopt,,SI0 0,2080,2198580669.5284724,816834019.8351904,191724428.43231437
39,vopt,,SI0 0,2090,2168974142.5795617,661064855.0665166,116117166.7155999
39,vopt,,SI0 0,2100,1876133847.1789773,469085269.5833031,61661329.39241058
39,vopt,,SK0 0,2030,2280487339.24354,2280487339.24354,2280487339.24354
39,vopt,,SK0 0,2040,3053125902.537271,2504626643.451249,1874354456.2962227
39,vopt,,SK0 0,2050,5269224871.302905,3546037286.0868483,1985915436.886904
39,vopt,,SK0 0,2060,4926635973.081385,2719852301.339452,1139912461.9077404
39,vopt,,SK0 0,2070,5322611179.537701,2410559586.9704084,756053936.6165184
39,vopt,,SK0 0,2080,5250325415.444581,1950642282.0774844,457847944.0445793
39,vopt,,SK0 0,2090,4643565641.121704,1415276460.552537,248595718.6486753
39,vopt,,SK0 0,2100,4517729846.4808445,1129557214.7624266,148480466.13979414
39,vopt,,XK0 0,2030,292212556.48880243,292212556.48880243,292212556.48880243
39,vopt,,XK0 0,2040,373356178.48972905,306282106.2719342,229208306.26617396
39,vopt,,XK0 0,2050,324012784.77044183,218051315.71101832,122117010.8963726
39,vopt,,XK0 0,2060,305899627.6384221,168878279.36896762,70778275.38775504
39,vopt,,XK0 0,2070,406821307.0425953,184245470.6527214,57787210.1331562
39,vopt,,XK0 0,2080,421635299.4260514,156649269.82572815,36768169.53306727
39,vopt,,XK0 0,2090,427258175.03331685,130220714.94982031,22873490.175379883
39,vopt,,XK0 0,2100,429257909.9969927,107326331.07945609,14108062.397798253
39,vopt,,EU agriculture,2030,1103996.0561863077,1103996.0561863077,1103996.0561863077
39,vopt,,EU agriculture,2040,967960.3235035713,794064.6057327599,594243.6715004432
39,vopt,,EU agriculture,2050,1070155.80631362,720184.1796082049,403330.46843507903
39,vopt,,EU agriculture,2060,989137.3459147455,546073.9338823839,228864.07546798052
39,vopt,,EU agriculture,2070,1095590.5748133236,496182.47030023753,155623.91072111193
39,vopt,,EU agriculture,2080,1003500.5192387755,372828.42262608843,87508.98529634021
39,vopt,,EU agriculture,2090,931701.3086990594,283966.0365281809,49879.11753649817
39,vopt,,EU agriculture,2100,949656.2165348895,237440.2780561487,31211.560340088065
39,vopt,,EU biogas,2030,5878658710.753218,5878658710.753218,5878658710.753218
39,vopt,,EU biogas,2040,8944467447.015013,7337578663.447435,5491127111.586394
39,vopt,,EU biogas,2050,7357848291.948635,4951620973.839517,2773095637.8105106
39,vopt,,EU biogas,2060,4253888342.936156,2348447919.1060467,984253831.6554626
39,vopt,,EU biogas,2070,4825868847.9006195,2185589746.155208,685493833.1916983
39,vopt,,EU biogas,2080,423.75457467252875,157.43663966969598,36.95297823304041
39,vopt,,EU biogas,2090,200.7433249569621,61.183005556912484,10.746899040183635
39,vopt,,EU biogas,2100,347.86982507174537,86.97706238765451,11.433147960995592
39,vopt,,EU coal,2030,214788074.96075028,214788074.96075028,214788074.96075028
39,vopt,,EU coal,2040,7586310.992946454,6223417.325387824,4657336.864051785
39,vopt,,EU coal,2050,141527413.3704673,95243892.0472585,53340193.63754879
39,vopt,,EU coal,2060,36761976.07897114,20295216.814575844,8505892.23270002
39,vopt,,EU coal,2070,5844.42418032428,2646.883693545696,830.1752203464033
39,vopt,,EU coal,2080,363271.6922458098,134965.56245676306,31678.645467398223
39,vopt,,EU coal,2090,11590.049659915914,3532.4416037223446,620.4793787914748
39,vopt,,EU coal,2100,14299.523989229756,3575.275866104481,469.97055150429196
39,vopt,,EU industry,2030,95801.8660767269,95801.8660767269,95801.8660767269
39,vopt,,EU industry,2040,94329.52073841999,77383.06196580103,57910.14298146393
39,vopt,,EU industry,2050,88972.9374568723,59876.236330891166,33532.96438781241
39,vopt,,EU industry,2060,79721.72860912535,44012.04558425508,18445.810168014134
39,vopt,,EU industry,2070,95717.58470155916,43349.576676017125,13596.269627067588
39,vopt,,EU industry,2080,88259.02822207702,32790.689833931996,7696.516199925627
39,vopt,,EU industry,2090,82033.85599022832,25002.464555078735,4391.725445381348
39,vopt,,EU industry,2100,92507.10714222488,23129.331288079702,3040.3540841249965
39,vopt,,EU kerosene,2030,8029951.385299717,8029951.385299717,8029951.385299717
39,vopt,,EU kerosene,2040,6731973.023245761,5522562.6244250685,4132847.4614494257
39,vopt,,EU kerosene,2050,8083467.68975597,5439942.027310984,3046573.9574127346
39,vopt,,EU kerosene,2060,7180540.662516844,3964167.4669120777,1661415.1784627908
39,vopt,,EU kerosene,2070,7134410.289142431,3231106.0379515355,1013412.1773313577
39,vopt,,EU kerosene,2080,7047784.363386979,2618448.39821668,614593.0633850105
39,vopt,,EU kerosene,2090,7918719.21686144,2413485.190368021,423932.7806761051
39,vopt,,EU kerosene,2100,7904235.779595151,1976277.213428298,259781.93759136353
39,vopt,,EU land,2030,20993256.53942713,20993256.53942713,20993256.53942713
39,vopt,,EU land,2040,8596578.678675158,7052188.703794174,5277553.585944586
39,vopt,,EU land,2050,0.0,0.0,0.0
39,vopt,,EU land,2060,0.0,0.0,0.0
39,vopt,,EU land,2070,0.0,0.0,0.0
39,vopt,,EU land,2080,0.0,0.0,0.0
39,vopt,,EU land,2090,0.0,0.0,0.0
39,vopt,,EU land,2100,0.0,0.0,0.0
39,vopt,,EU naphtha,2030,7983759.944954546,7983759.944954546,7983759.944954546
39,vopt,,EU naphtha,2040,5030956.141874771,4127136.3177334378,3088570.6534792054
39,vopt,,EU naphtha,2050,2899279.8173906244,1951132.2037626537,1092708.0710804795
39,vopt,,EU naphtha,2060,2949406.281505175,1628281.3477934974,682426.1004642283
39,vopt,,EU naphtha,2070,2724208.1177972336,1233767.7455201796,386962.00082046323
39,vopt,,EU naphtha,2080,2930202.89484752,1088652.0757249908,255524.61321596202
39,vopt,,EU naphtha,2090,2556420.579135633,779151.6581315664,136859.314620342
39,vopt,,EU naphtha,2100,2680101.828392539,670099.4657564458,88084.67577843824
39,vopt,,EU process,2030,661863700.4579152,661863700.4579152,661863700.4579152
39,vopt,,EU process,2040,5011205149.006884,4110933624.3134203,3076445257.187021
39,vopt,,EU process,2050,5012063454.685129,3372975024.721627,1888994003.5629423
39,vopt,,EU process,2060,4351701616.90067,2402447780.217672,1006885617.4300483
39,vopt,,EU process,2070,3114621435.316723,1410582194.9854264,442418526.886634
39,vopt,,EU process,2080,3116093257.0654826,1157715528.3076441,271734945.60961413
39,vopt,,EU process,2090,3117396680.5729976,950127225.7570194,166891464.02005774
39,vopt,,EU process,2100,2791152206.728982,697865126.8992292,91734476.12080261
39,vopt,,EU shipping,2030,5613061.175154048,5613061.175154048,5613061.175154048
39,vopt,,EU shipping,2040,5507676.443831995,4518213.006960018,3381235.565082698
39,vopt,,EU shipping,2050,4874601.592687275,3280467.1322014155,1837186.0734798114
39,vopt,,EU shipping,2060,4690916.803516249,2589718.609848021,1085372.3618544817
39,vopt,,EU shipping,2070,5195490.55102868,2352987.87274635,737997.0002055144
39,vopt,,EU shipping,2080,4921508.477186929,1828477.6213991472,429173.88153686497
39,vopt,,EU shipping,2090,5386935.835683424,1641842.5132691779,288392.43135207024
39,vopt,,EU shipping,2100,4610340.938752269,1152712.5452042643,151524.2378165995
39,vopt,,EU unsustainable,2030,14588271336.92892,14588271336.92892,14588271336.92892
39,vopt,,EU unsustainable,2040,0.0,0.0,0.0
39,vopt,,EU unsustainable,2050,0.0,0.0,0.0
39,vopt,,EU unsustainable,2060,0.0,0.0,0.0
39,vopt,,EU unsustainable,2070,0.0,0.0,0.0
39,vopt,,EU unsustainable,2080,0.0,0.0,0.0
39,vopt,,EU unsustainable,2090,0.0,0.0,0.0
39,vopt,,EU unsustainable,2100,0.0,0.0,0.0
39,vopt,,H2 pipeline,2030,53366.346964962344,53366.346964962344,53366.346964962344
39,vopt,,H2 pipeline,2040,538071317.078475,441405890.1769125,330329112.904608
39,vopt,,H2 pipeline,2050,650500181.5571903,437767974.36957574,245166677.03588232
39,vopt,,H2 pipeline,2060,842173326.654701,464939377.1214303,194859915.6473811
39,vopt,,H2 pipeline,2070,865226566.5458689,391852818.95225483,122901697.98933452
39,vopt,,H2 pipeline,2080,882359792.9933652,327821265.1648091,76945062.47959957
39,vopt,,H2 pipeline,2090,587111845.1558318,178941278.8315609,31431340.128188025
39,vopt,,H2 pipeline,2100,574390156.1259825,143613400.31122446,18878003.117899943
39,vopt,,gas for,2030,9326317.448328434,9326317.448328434,9326317.448328434
39,vopt,,gas for,2040,3274575479.8442125,2686292427.70307,2010305286.795953
39,vopt,,gas for,2050,3274164988.4254804,2203419177.076423,1233998349.3285627
39,vopt,,gas for,2060,3276843555.5885797,1809049934.7818816,758187701.5364753
39,vopt,,gas for,2070,1186035146.6170683,537143949.9756864,168471171.6333313
39,vopt,,gas for,2080,1188778803.9130528,441664471.33523893,103665942.24698688
39,vopt,,gas for,2090,1191226302.0164406,363064652.1942273,63772923.97904956
39,vopt,,gas for,2100,1062986767.6671369,265776045.36285254,34936301.22363244
39,vopt,,process,2030,1827124.142672871,1827124.142672871,1827124.142672871
39,vopt,,process,2040,0.002540261440489202,0.0020838991539437295,0.0015595001657748614
39,vopt,,process,2050,0.0008907934680126442,0.0005994784676924189,0.0003357306895059321
39,vopt,,process,2060,0.0023403528419535784,0.0012920406739839747,0.0005415048695257051
39,vopt,,process,2070,0.006584072743739922,0.0029818634385221695,0.0009352391051991983
39,vopt,,process,2080,0.0029266788770709374,0.0010873428048638794,0.0002552173057319271
39,vopt,,process,2090,0.005078811884087239,0.0015479317969513677,0.00027189685422452904
39,vopt,,process,2100,0.008777404903779625,0.002194593606272959,0.00028847966033783944
39,vopt,,solid,2030,4316818.141429746,4316818.141429746,4316818.141429746
39,vopt,,solid,2040,7442427866.448338,6105383047.184372,4569005105.733709
39,vopt,,solid,2050,8622761746.444168,5802871467.577693,3249828215.5544324
39,vopt,,solid,2060,8630396947.420004,4764590915.011677,1996879226.5813444
39,vopt,,solid,2070,7125328533.901971,3226992998.0500727,1012122153.2117425
39,vopt,,solid,2080,7055221809.9825325,2621211616.9987583,615241636.4473007
39,vopt,,solid,2090,7064130017.51555,2153021557.299938,378181900.3010258
39,vopt,,solid,2100,6433758055.46252,1608617176.4441698,211452970.31203985
39,vopt,,EU gas,2030,98.96333516097194,98.96333516097194,98.96333516097194
39,vopt,,EU gas,2040,42.3433547768714,34.73629910221698,25.995146696899766
39,vopt,,EU gas,2050,118488068.62296087,79739073.49859296,44656906.90992831
39,vopt,,EU gas,2060,29.429934641842493,16.247410180342683,6.809423191538164
39,vopt,,EU gas,2070,43.60062857622059,19.74630677822181,6.193281034830237
39,vopt,,EU gas,2080,37.84514144110295,14.060525248408284,3.3002373814610633
39,vopt,,EU gas,2090,57.85012682878551,17.631692769821896,3.0970368385801446
39,vopt,,EU gas,2100,60.44258597630656,15.112315563007366,1.9865161586515496
39,vopt,,EU lignite,2030,211711477.83074492,211711477.83074492,211711477.83074492
39,vopt,,EU lignite,2040,6562570.387163624,5383593.459920717,4028848.9379738597
39,vopt,,EU lignite,2050,141526053.80096152,95242977.09595573,53339681.230100825
39,vopt,,EU lignite,2060,36761559.64660611,20294986.91438988,8505795.87964186
39,vopt,,EU lignite,2070,5849.249924302052,2649.069226739367,830.8606964423324
39,vopt,,EU lignite,2080,359081.9747457065,133408.9655872394,31313.286486427805
39,vopt,,EU lignite,2090,11654.579673337159,3552.1092074675057,623.9340268573494
39,vopt,,EU lignite,2100,14292.037585889593,3573.4040585389866,469.72450211766835
39,vopt,,EU methanol,2030,108.61572085769878,108.61572085769878,108.61572085769878
39,vopt,,EU methanol,2040,254450835.18284005,208738310.04405615,156210740.0932608
39,vopt,,EU methanol,2050,304338792.75004816,204811283.07349673,114702090.2177589
39,vopt,,EU methanol,2060,418977727.99393225,231305406.75639376,96941997.74686404
39,vopt,,EU methanol,2070,518861416.8575299,234987362.50420654,73702023.97681661
39,vopt,,EU methanol,2080,590449393.8651811,219368412.80587888,51489387.73362679
39,vopt,,EU methanol,2090,601584523.7631413,183352294.6192304,32206142.55744502
39,vopt,,EU methanol,2100,646675261.1967653,161686672.66861552,21253737.493481167
39,vopt,,EU solid,2030,9403633906.254337,9403633906.254337,9403633906.254337
39,vopt,,EU solid,2040,13935228835.583595,11431741283.64224,8555021673.28813
39,vopt,,EU solid,2050,13852275088.400347,9322184032.820316,5220776794.681753
39,vopt,,EU solid,2060,13851945241.046913,7647255723.325826,3205027748.794087
39,vopt,,EU solid,2070,13853899908.731298,6274298481.600021,1967886665.0554917
39,vopt,,EU solid,2080,13853756064.017752,5147056649.968065,1208099161.3485644
39,vopt,,EU solid,2090,13852275088.392584,4221927797.054805,741588801.9376104
39,vopt,,EU solid,2100,13852068191.630024,3463399560.6056557,455264394.28324544
39,vopt,,EU uranium,2030,0.03478639098001911,0.03478639098001911,0.03478639098001911
39,vopt,,EU uranium,2040,0.014864551161339064,0.012194109273611763,0.009125544965880734
39,vopt,,EU uranium,2050,0.007264010301692311,0.004888470696440537,0.002737729086188963
39,vopt,,EU uranium,2060,0.012437085747092463,0.006866152984716724,0.002877661168876388
39,vopt,,EU uranium,2070,0.016942522741908057,0.0076731061588680444,0.002406612202762301
39,vopt,,EU uranium,2080,0.01531773202966455,0.005690964539969593,0.0013357633217509547
39,vopt,,EU uranium,2090,0.025589368801413756,0.007799185820551897,0.0013699402611258825
39,vopt,,EU uranium,2100,0.022938618857965443,0.005735288144306302,0.0007539044910547027
39,vopt,,,cumulative cost,3789211145330.404,2276940942979.2188,1391114454125.239
39,vopt,,AL0 0,cumulative cost,60017474314.67707,34439703209.79269,19008681900.787315
39,vopt,,AT0 0,cumulative cost,744097554830.283,396257971092.6739,203574598067.79163
39,vopt,,BA0 0,cumulative cost,92304374129.21332,49287842509.031364,25823646842.010998
39,vopt,,BE0 0,cumulative cost,681966676135.9604,352157847929.98236,177799168977.54947
39,vopt,,BG0 0,cumulative cost,203379019605.34808,112337360191.71039,61740361403.64428
39,vopt,,CH0 0,cumulative cost,663909313358.9857,366898943514.5948,198012686362.334
39,vopt,,CZ0 0,cumulative cost,618930562359.8586,321395276209.52405,154139636680.97125
39,vopt,,DE0 0,cumulative cost,4925210421548.918,2555521293940.0156,1271943098315.8513
39,vopt,,DK0 0,cumulative cost,1729795267619.4248,918939331903.6178,451712300374.57715
39,vopt,,DK1 0,cumulative cost,354752146932.9558,189981994465.99612,95676185008.87257
39,vopt,,EE0 0,cumulative cost,99418572615.20486,52363151176.770294,26741492345.37294
39,vopt,,ES0 0,cumulative cost,5349943661681.841,2626446290293.0957,1182437362320.7046
39,vopt,,ES2 0,cumulative cost,182692957619.698,110676789915.32184,66423226574.23961
39,vopt,,EU oil,cumulative cost,2265723549209.966,1993318594326.0786,1739492213970.0693
39,vopt,,FI1 0,cumulative cost,799815743140.7214,443074884819.3125,232001212207.68158
39,vopt,,FR0 0,cumulative cost,4022040709430.9326,2253728671874.816,1220481625478.5164
39,vopt,,FR6 0,cumulative cost,89717780672.25087,55535897170.854805,34484838452.18529
39,vopt,,GB3 0,cumulative cost,7610142583470.191,4167302425818.39,2130053329757.554
39,vopt,,GB4 0,cumulative cost,763650799270.5734,424280758573.1732,223951170848.60434
39,vopt,,GR0 0,cumulative cost,861188342648.3411,442657453807.3358,217554829818.97977
39,vopt,,HR0 0,cumulative cost,176914365187.70676,92900978499.8467,46156361880.272835
39,vopt,,HU0 0,cumulative cost,422493558098.1308,229893149988.2885,118791176345.2242
39,vopt,,IE4 0,cumulative cost,575346141056.4948,326579922391.263,174478887345.25174
39,vopt,,IT0 0,cumulative cost,2893015841030.7314,1550233068082.9211,801652882428.2965
39,vopt,,IT5 0,cumulative cost,219829296248.13535,120450330258.18533,64613600153.151665
39,vopt,,LT0 0,cumulative cost,136306521957.4446,73863294109.35136,39120683368.97976
39,vopt,,LU0 0,cumulative cost,84951386325.46951,43353768723.18221,21130413016.40675
39,vopt,,LV0 0,cumulative cost,160062293640.37698,88380538677.10638,46619619847.13983
39,vopt,,ME0 0,cumulative cost,18351377096.497406,10425727865.102278,5772533471.735868
39,vopt,,MK0 0,cumulative cost,40954451667.51715,21833771869.83993,11447294525.530386
39,vopt,,NL0 0,cumulative cost,1791871932167.495,1001134232548.1982,537739376743.52844
39,vopt,,NO1 0,cumulative cost,852327516626.5938,480342643533.70386,262897890101.31827
39,vopt,,PL0 0,cumulative cost,1842218794333.0093,990599585799.3359,510520139234.00183
39,vopt,,PT0 0,cumulative cost,345885927818.01587,189931507195.40756,106469651312.60527
39,vopt,,RO0 0,cumulative cost,583191377481.0894,322619985309.7858,172731353563.6375
39,vopt,,RS0 0,cumulative cost,242646417353.93793,123610109036.8889,59656759446.891525
39,vopt,,SE1 0,cumulative cost,1235651750340.293,729522687328.5219,408302465658.9865
39,vopt,,SI0 0,cumulative cost,127851101818.83893,63444494826.118614,29364589310.966858
39,vopt,,SK0 0,cumulative cost,318645975758.8774,162520168374.80963,76771638570.92308
39,vopt,,XK0 0,cumulative cost,26197186056.43454,13640966005.643194,6926927718.352053
39,vopt,,EU agriculture,cumulative cost,70848720.14843693,38840178.15799084,20870540.372206513
39,vopt,,EU biogas,cumulative cost,283214030836.09845,197625669200.32993,128732998230.37128
39,vopt,,EU coal,cumulative cost,2936575938.5084066,2292994961.9328437,1739308245.00018
39,vopt,,EU industry,cumulative cost,6231891.42327758,3418796.7362837847,1849945.38890091
39,vopt,,EU kerosene,cumulative cost,520639888.2735685,281928260.44548374,150376412.80162966
39,vopt,,EU land,cumulative cost,190932069.48388723,175488169.7350774,157741818.55658153
39,vopt,,EU naphtha,cumulative cost,244224047.192245,151350510.5402182,96789730.64047173
39,vopt,,EU process,cumulative cost,254495895471.41336,140846457919.8138,72301689029.85677
39,vopt,,EU shipping,cumulative cost,356888307.6088772,195945936.16603285,106416500.19996762
39,vopt,,EU unsustainable,cumulative cost,72941356684.6446,72941356684.6446,72941356684.6446
39,vopt,,H2 pipeline,cumulative cost,46526647912.21906,23145619879.456383,10110994909.174261
39,vopt,,gas for,cumulative cost,139277808189.62567,81781857944.72118,43605326848.563385
39,vopt,,process,cumulative cost,9135620.960861092,9135620.820262885,9135620.753797641
39,vopt,,solid,cumulative cost,491593043585.1454,254805385994.1531,119291431320.5629
39,vopt,,EU gas,cumulative cost,1184883593.9510767,797392329.5865239,446570027.7997911
39,vopt,,EU lignite,cumulative cost,2910896545.7324004,2269186932.3168945,1717630679.065498
39,vopt,,EU methanol,cumulative cost,30120003753.189163,13634064604.454306,5358793053.803732
39,vopt,,EU solid,cumulative cost,948272312751.1466,504779807018.41266,258278499953.74426
39,vopt,,EU uranium,cumulative cost,1.2127777570210247,0.6537282903632128,0.37623398742122127
